"","NMDS1","NMDS2","Variables","pval"
"Agric_m_log",-0.318805736482753,0.0220282758428998,"Agric_m_log",0.0799200799200799
"Highway_m_log",-0.359064141699068,-0.00181262020604601,"Highway_m_log",0.044955044955045
"Waste.effluent",0.326538404614354,0.112470566724692,"Waste.effluent",0.0649350649350649
"Gravel_eff",0.216427928327759,-0.144598250267868,"Gravel_eff",0.186813186813187
"Water_PC1",0.293827626497542,0.164985340753624,"Water_PC1",0.0629370629370629
"Water_PC2",0.0677493153009738,-0.272382124801521,"Water_PC2",0.16983016983017
"Water_PC3",0.0627990489431419,0.223638688138786,"Water_PC3",0.272727272727273
"Macrophyte_biomass",0.349876817148023,-0.0599553851815951,"Macrophyte_biomass",0.037962037962038
"Fish_abundance",-0.143904049295562,0.224502985130788,"Fish_abundance",0.194805194805195
