"","Df","SumOfSqs","R2","F","Pr(>F)"
"Agric_m_log",1,0.128470818278429,0.0642861785402263,3.76036184524744,0.004995004995005
"Highway_m_log",1,0.102356420626242,0.0512186597648686,2.99598915844725,0.022977022977023
"Gravel_ef",2,0.202244299447014,0.101202073102828,2.95986184742409,0.00699300699300699
"Waste.ef",1,0.0962762122350827,0.0481761527781944,2.81802046523227,0.02997002997003
"Residual",43,1.4690727683439,0.735116935813882,NA,NA
"Total",48,1.99842051893067,1,NA,NA
