"","Df","SumOfSqs","R2","F","Pr(>F)"
"Agric_m_log",1,1.12992458870624,0.0604519121730544,3.52994340855881,0.000999000999000999
"Highway_m_log",1,1.3136472299661,0.0702812274075862,4.10390253202634,0.000999000999000999
"Gravel_ef",2,1.85332580670978,0.099154483418718,2.89494329121461,0.000999000999000999
"Waste.ef",1,0.630223874540048,0.0337175053042074,1.96885228809496,0.00899100899100899
"Residual",43,13.7641745747434,0.736394871696434,NA,NA
"Total",48,18.6912960746656,1,NA,NA
